name,price,link
Dalmore 12 Year Old Sherry Cask Select,69.00,https://www.whiskyshop.com/dalmore-12-year-old-sherry-cask
GlenDronach 12 Year Old,51.95,https://www.whiskyshop.com/glendronach-12-year-old
Rare Find Islay 2006,99.00,https://www.whiskyshop.com/rare-find-islay-2006
Rare Find Tranquillity 1985 Highland Single Malt,385.00,https://www.whiskyshop.com/rare-find-tranquillity-1985-highland-single-malt
Loch Lomond 12 Year Old , 45.00,https://www.whiskyshop.com/loch-lomond-12-year-old
The Octave Laphroaig 2011 9 Year Old,149.99,https://www.whiskyshop.com/the-octave-laphroaig-2011-9-year-old
GlenDronach 1993 26 Year Old #8635,385.00,https://www.whiskyshop.com/glendronach-1993-26-year-old-8635-tws-exclusive
Fettercairn 12 Year Old,47.00,https://www.whiskyshop.com/fettercairn-12-year-old
BenRiach 2009 11 Year Old Cask #4833 Batch 17 ,90.00,https://www.whiskyshop.com/benriach-2009-11-year-old-cask-4833-batch-17
Glenglassaugh 10 Year Old Cask #2140 ,91.00,https://www.whiskyshop.com/glenglassaugh-10-year-old-cask-2140
GlenKeir Treasures Coimeasgadh Blended Malt,55.00,https://www.whiskyshop.com/glenkeir-treasure-coimeasgadh-blended-malt
Glenkeir Treasure Carribean Blended Rum ,40.00,https://www.whiskyshop.com/glenkeir-carribean-blended-rum
Black Bull 40 year old,800.00,https://www.whiskyshop.com/black-bull-40-year-old
Caol Ila 1980 40 Year Old Kinship,"1,500.00",https://www.whiskyshop.com/caol-ila-1980-40-year-old-kinship
The Loch Fyne Caol Ila 10 Year Old 2010,60.00,https://www.whiskyshop.com/loch-fyne-caol-ila-10-year-old-2010
Balvenie Tun 1509 Batch 8 ,330.00,https://www.whiskyshop.com/balvenie-tun-1509-batch-8
Macallan 30 Year Old Double Cask 2021,"4,250.00",https://www.whiskyshop.com/macallan-30-year-old-double-cask-2021
Loch Lomond 2011 #20/895 ,60.00,https://www.whiskyshop.com/loch-lomond-2011-20-895
Stylish Whisky Barrel Single Malt Scotch Whisky Decanter with 2 Glasses,45.00,https://www.whiskyshop.com/stylish-whisky-barrel-single-malt-scotch-whisky-decanter-with-2-glasses
First Editions Mortlach 2010,78.00,https://www.whiskyshop.com/first-editions-mortlach-2010-11-year-old
First Editions Glen Moray 2007 14 Year Old,92.00,https://www.whiskyshop.com/first-edition-glen-moray-2007-14-year-old
Glenrothes 25 Year Old ,375.00,https://www.whiskyshop.com/glenrothes-25-year-old
Glenfiddich 40 Year Old Release No. 16,"3,299.00",https://www.whiskyshop.com/glenfiddich-40-year-old-2021
Darkness Strathisla 15 Year Old Moscatel Cask Finish,174.95,https://www.whiskyshop.com/darkness-strathisla-15-year-old-moscatel-cask-finish
Darkness Glenrothes 12 Year Old Oloroso Cask Finish ,62.95,https://www.whiskyshop.com/darkness-glenrothes-12-year-old-oloroso-cask-finish-61-3-50cl
Darkness Campbeltown 6 Year Old Oloroso Cask Finish,56.00,https://www.whiskyshop.com/darkness-campbeltown-6-year-old-oloroso-cask-finish
Darkness Craigellachie 11 Year Old Oloroso Cask Finish ,75.00,https://www.whiskyshop.com/darkness-craigellachie-11-year-old-oloroso-cask-finish
Darkness Blair Athol 14 Year Old Oloroso Cask Finish,64.99,https://www.whiskyshop.com/darkness-blair-athol-14-year-old-oloroso-cask-finish
Dalmore 30 Year Old 2021 Release,"4,500.00",https://www.whiskyshop.com/dalmore-30-year-old-2021-release
Glenmorangie 13 Year Old Cognac Cask Finish ,75.00,https://www.whiskyshop.com/glenmorangie-13-year-old-cognac-cask-finish
Nc'Nean Organic Single Malt,49.95,https://www.whiskyshop.com/catalog/product/view/id/21965/s/nc-nean-organic-single-malt/category/246/
Monkey Shoulder Fever Tree Gift Pack,13.99,https://www.whiskyshop.com/monkey-shoulder-fever-tree-gift-pack
Benromach 40 Year Old (2021 Release),"1,750.00",https://www.whiskyshop.com/benromach-40-year-old
Westport 21 Year Old Batch 1 That Boutique-y Whisky Company,150.00,https://www.whiskyshop.com/westport-21-year-old-batch-1-that-boutique-y-whisky-company
Strathmill 22 Year Old Batch 7 That Boutique-y Whisky Company ,199.00,https://www.whiskyshop.com/strathmill-22-year-old-batch-7-that-boutique-y-whisky-company
Bruichladdich 28 Year Old Batch 19 That Boutique-y Whisky Company,210.00,https://www.whiskyshop.com/bruichladdich-28-year-old-batch-19-that-boutique-y-whisky-company
Benrinnes 10 Year Old Batch 16 That Boutique-y Whisky Company,40.00,https://www.whiskyshop.com/benrinnes-10-year-old-that-boutique-y-whisky-company
Aultmore 38 Year Old Batch 17 That Boutique-y Whisky Company ,695.00,https://www.whiskyshop.com/aultmore-38-year-old-batch-17-that-boutique-y-whisky-company
Nc'Nean 3 Year Old Batch 2 That Boutique-y Whisky Company,70.00,https://www.whiskyshop.com/nc-nean-3-year-old-that-boutique-y-whisky-company
The Premium Whisky Advent Calendar (2021 Edition) ,249.95,https://www.whiskyshop.com/the-premium-whisky-advent-calendar-2021-edition
The Single Cask Whisky Advent Calendar (2021 Edition),199.95,https://www.whiskyshop.com/single-cask-whisky-advent-calendar
The Scotch Whisky Advent Calendar (2021 Edition),149.95,https://www.whiskyshop.com/scotch-whisky-advent-calendar-2021-edition
Glengoyne Time Keeper,50.00,https://www.whiskyshop.com/glengoyne-time-keeper
Glengoyne Time Capsule Pack 3x20cl ,65.00,https://www.whiskyshop.com/glengoyne-time-capsule-pack-3x20cl
Glengoyne Time Capsule Miniature Pack 3x5cl,25.00,https://www.whiskyshop.com/glengoyne-time-capsule-miniature-pack-3x5cl
Ledaig 1999 Pedro Xim√©nez Cask Matured,250.00,https://www.whiskyshop.com/ledaig-1999-pedro-ximenez-cask-matured
Tobermory 2004 Oloroso Cask Matured,130.00,https://www.whiskyshop.com/tobermory-2004-oloroso-cask-matured
Bunnahabhain Aonadh,120.00,https://www.whiskyshop.com/bunnahabhain-aonadh
Ardnamurchan AD/07.21:05,45.00,https://www.whiskyshop.com/ardnamurchan-ad-07-21-05
Tormore 1994 26 Year Old Connoisseurs Choice Batch 21/097,230.00,https://www.whiskyshop.com/tormore-1994-26-year-old-connoisseurs-choice-batch-21-097
Glentauchers 1995 25 Year Old Connoisseurs Choice Batch 21/096,195.00,https://www.whiskyshop.com/glentauchers-1995-25-year-old-connoisseurs-choice
Darkness Benrinnes 14 Year Old Pedro Ximinez Cask Finish,65.00,https://www.whiskyshop.com/darkness-benrinnes-14yo-px-cask-finish
Laphroaig 25 Year Old Cask Strength 2021,430.00,https://www.whiskyshop.com/laphroaig-25-year-old-cask-strength-2021
Glenglassaugh 50 Year Old,"5,500.00",https://www.whiskyshop.com/glenlassaugh-50-year-old
Gordon & MacPhail Ardmore 1991 Cask Strength,189.00,https://www.whiskyshop.com/ardmore-1991-cask-strength-gordon-macphail
Loch Lomond 12 Year Old Gift Set 3x20cl,59.00,https://www.whiskyshop.com/loch-lomond-12-year-old-gift-pack-20cl
Loch Lomond 18 Year Old 20cl,35.00,https://www.whiskyshop.com/loch-lomond-18-year-old-20cl
Loch Lomond 12 Year Old 20cl,22.00,https://www.whiskyshop.com/loch-lomond-12-year-old-20cl
Glen Scotia Double Cask & 15 Year Old 2x20cl,40.00,https://www.whiskyshop.com/glen-scotia-double-cask-glen-scotia-15-year-old-dual-pack
Glen Scotia Double Cask 20cl,22.00,https://www.whiskyshop.com/glen-scotia-double-cask-20cl
Glen Scotia Double Cask & Glass 20cl,25.00,https://www.whiskyshop.com/glen-scotia-double-cask-glass-20cl
Glen Scotia 15 Year Old 20cl,25.00,https://www.whiskyshop.com/glen-scotia-15-year-old-20cl
Braes of Glenlivet 1975 Connoisseurs Choice,465.00,https://www.whiskyshop.com/braes-of-glenlivet-1975-connoisseurs-choice
Glenfarclas 185th Anniversary ,130.00,https://www.whiskyshop.com/glenfarclas-105-185th-anniversary
Gordon & MacPhail Smith's Glenlivet 1966 47 Year Old,999.00,https://www.whiskyshop.com/gordon-macphail-smith-s-glenlivet-1966-47-year-old
Gordon & MacPhail Glenlivet 1949 ,"3,850.00",https://www.whiskyshop.com/glenlivet-1949-gordon-macphail
Port Charlotte Islay Barley 2013 ,65.00,https://www.whiskyshop.com/port-charlotte-islay-barley-2013
Bruichladdich Bere Barley 2011 ,70.00,https://www.whiskyshop.com/bruichladdich-bere-barley-2011
Glen Grant 1950 68 Year Old ,"4,999.99",https://www.whiskyshop.com/glen-grant-1950-68-year-old
Linkwood 1981 Private Collection ,"1,250.00",https://www.whiskyshop.com/linkwood-1981-private-collection
Linkwood 1980 40 Year Old Private Collection ,999.99,https://www.whiskyshop.com/linkwood-1980-40-year-old-private-collection
Dimensions Linkwood 2009 12 Year Old,89.99,https://www.whiskyshop.com/dimensions-linkwood-2009-12-year-old
Dimensions Highland Park 2007 13 Year Old,114.00,https://www.whiskyshop.com/dimensions-highland-park-2007-13-year-old
Dimensions Glen Garioch 2011 10 Year Old,85.00,https://www.whiskyshop.com/dimensions-glengarioch-2011-10-year-old
Dimensions Benriach 2008 12 Year Old,93.99,https://www.whiskyshop.com/dimensions-benriach-2008-12-year-old
Benromach 2012 Peat Smoke Sherry Cask Matured,45.99,https://www.whiskyshop.com/benromach-2012-peat-smoke-sherry-cask-matured
Singleton of Dufftown 25 Year Old,330.00,https://www.whiskyshop.com/singleton-of-dufftown-25-year-old
Singleton of Dufftown 21 Year Old,180.00,https://www.whiskyshop.com/singleton-of-duffton-21-year-old
Character of Islay Bunnahabhain 19 Year Old Wind & Waves 2,264.95,https://www.whiskyshop.com/bunnahabhain-19yo-wind-and-the-waves-2
Character of Islay Bunnahabhain 10 Year Old Wind & Waves 2,98.95,https://www.whiskyshop.com/bunnahabhain-2008-10yo-wind-and-the-waves-2
Character of Islay Bowmore 18 Year Old Wind & Waves 2,264.95,https://www.whiskyshop.com/bowmore-18yo-2002-wind-and-the-waves-2
Highland Park 2008 13yo Octave TWS Exclusive 70cl,129.00,https://www.whiskyshop.com/highland-park-2008-13yo-octave-tws-exclusive-70cl
Loch Lomond 12 Year Old & Glass 20cl,26.00,https://www.whiskyshop.com/loch-lomond-12yo-glass-20cl
Rare Find Allt a Bhaine 24 Year Old,150.00,https://www.whiskyshop.com/allt-a-bhaine-1996-rare-find-tws-exclusive
The Octave Laphroaig 2004 16 Year Old,365.00,https://www.whiskyshop.com/laphroaig-16yo-2004-first-fill-sherry-octave
Benriach Malting Season,99.00,https://www.whiskyshop.com/benriach-malting-season
Gordon & MacPhail Linkwood 25 Year Old Distillery Label,180.00,https://www.whiskyshop.com/gordon-macphail-linkwood-25-year-old-distillery-label
Littlemill 1991 Connoisseurs Choice,350.00,https://www.whiskyshop.com/connoisseurs-choice-littlemill-1991
Glenburgie 1995 25 Year Old Connoisseurs Choice,250.00,https://www.whiskyshop.com/glenburgie-1995-25-year-old-connoisseurs-choice-tws-exclusive
Blended Malt #1 25 Year Old That Boutique-y Whisky Company,125.95,https://www.whiskyshop.com/blended-malt-25-year-old-that-boutique-y-whisky-company
Loch Lomond 25 Year Old Lee Westwood,385.00,https://www.whiskyshop.com/loch-lomond-25-year-old
The MacPhail's Collection Glen Scotia 1992,199.00,https://www.whiskyshop.com/macphails-collection-glen-scotia-1992
Benromach 1977 #1266,999.00,https://www.whiskyshop.com/benromach-1977-1266
Ailsa Bay 1.2 Gift Set,65.00,https://www.whiskyshop.com/ailsa-bay-gift-pack
Glenturret 30 Year Old Platinum Old & Rare,455.00,https://www.whiskyshop.com/glenturret-30-year-old-platinum-old-rare
Clynelish 27 Year Old Platinum Old & Rare,490.00,https://www.whiskyshop.com/clynelish-27-year-old-platinium-old-rare
The Octave An Iconic Speyside 2010 10 Year Old,85.00,https://www.whiskyshop.com/the-octave-iconic-speyside-2010-10-year-old
The Octave Blair Athol 2008 12 Year Old,95.00,https://www.whiskyshop.com/the-octave-blair-athol-2008-12-year-old
Balvenie 25 Year Old Rare Marriages,600.00,https://www.whiskyshop.com/balvenie-rare-marriages-25-year-old
Aberfeldy 15 Year Old,62.99,https://www.whiskyshop.com/aberfeldy-15-year-old
